BLUE_score,TER_score,ROUGE1_score,ROUGE2_score,ROUGEL_score,SACREBLUE_score
5000.0,5000.0,5000.0,5000.0,5000.0,5000.0
0.715387603728149,68.8558215736021,0.9359524515441386,0.8338944190968385,0.895898821209887,71.73301206055707
0.20546207692013274,40.02765831584578,0.07411838367445227,0.15107045811350242,0.11181894838352698,19.953139375323584
0.0,-1635.2941176470588,0.0866873065015479,0.0,0.0866873065015479,2.4437461094944632
0.592065667562474,62.5,0.9047619047619048,0.75,0.8444444444444444,59.20656675624738
0.7334401023964316,71.42857142857143,0.9545454545454544,0.8571428571428572,0.9285714285714286,73.34401023964315
0.8629978629067712,79.3103448275862,1.0,0.96,0.9803921568627452,86.29978629067713
1.0,100.0,1.0,1.0,1.0,100.00000000000004
